#,Name,Part Number,Manufacturer
a.,Upper PCB,CE25_120mm_upper,CHIL
b.,Lower PCB,CE25_120mm_lower,CHIL
c.,O-ring,,
d.,Jumpers for radio modem,,
e.,Eyelet,,
f.,EC sensor self sealing bolts,,
g.,EC sensor nuts (M3),,
h.,EC sensor washers (M3),,
i.,EC sensor tail,,
j.,PCB mounting screws (M3),,
k.,Upper PCB mounting standoffs (M3),,
l.,Lower PCB mounting standoffs (M3) ,,
m.,Casework lid bolts (M4),,
n.,Flange securing bolts (M4),,
o.,Pressure sensor flange,,
p.,Keller pressure sensor,,
q.,Antenna,,